{
  "sample_rate": 16000,
  "n_fft": 512,
  "win_length": 400,
  "hop_length": 160,
  "n_mels": 80,
  "max_frames": 101,
  "keywords": [
    "backward",
    "bed",
    "bird",
    "cat",
    "dog",
    "down",
    "eight",
    "five",
    "follow",
    "forward",
    "four",
    "go",
    "happy",
    "house",
    "learn",
    "left",
    "marvin",
    "nine",
    "no",
    "off",
    "on",
    "one",
    "right",
    "seven",
    "sheila",
    "six",
    "stop",
    "three",
    "tree",
    "two",
    "up",
    "visual",
    "wow",
    "yes",
    "zero"
  ],
  "cls_token": [
    [
      [
        -0.0264128390699625,
        0.020183609798550606,
        -0.08496098965406418,
        0.012033766135573387,
        0.06436070799827576,
        0.018486954271793365,
        0.03224940225481987,
        -0.029307523742318153,
        0.009639682248234749,
        0.1188279464840889,
        0.04138746112585068,
        -0.010433044284582138,
        -0.03462040796875954,
        -0.014214009046554565,
        -0.04063607379794121,
        -0.025748450309038162,
        0.026293005794286728,
        0.029802605509757996,
        -0.015912184491753578,
        0.012454713694751263,
        -0.03374073654413223,
        -0.009451033547520638,
        -0.014544843696057796,
        -0.016395004466176033,
        0.059542421251535416,
        0.0014829823048785329,
        -0.004073734860867262,
        0.01129836868494749,
        0.07966625690460205,
        -0.038679782301187515,
        -0.015529143624007702,
        -0.0618009939789772,
        0.034266695380210876,
        0.0005159486900083721,
        0.06743495166301727,
        -0.0035265388432890177,
        -0.00247074943035841,
        -0.006851866841316223,
        0.025438472628593445,
        0.002975839888677001,
        -0.07271897792816162,
        0.12139543145895004,
        -0.015388479456305504,
        0.003045604797080159,
        -0.024113444611430168,
        -0.013157704845070839,
        -0.0028575854375958443,
        0.021404433995485306,
        0.025614865124225616,
        0.029636431485414505,
        -0.014806205406785011,
        0.007348432671278715,
        -0.009077728725969791,
        -0.033186402171850204,
        0.01241648942232132,
        -0.0024204321671277285,
        -0.006230236496776342,
        0.0031669316813349724,
        -0.02670847252011299,
        0.029747124761343002,
        0.02332186885178089,
        -0.010209782049059868,
        -0.041689082980155945,
        0.03981339558959007,
        0.008406911976635456,
        0.011393743567168713,
        0.013099176809191704,
        0.0033474755473434925,
        0.034286342561244965,
        0.009472789242863655,
        -0.0022677008528262377,
        -0.0067701213993132114,
        -0.02043074741959572,
        -0.013693669810891151,
        0.02021756023168564,
        -0.0496319942176342,
        -0.014581254683434963,
        0.026028785854578018,
        -0.0065454477444291115,
        -0.002056717174127698,
        0.04035811871290207,
        -0.010150871239602566,
        0.01081026904284954,
        0.03175729140639305,
        0.07306291162967682,
        0.023800568655133247,
        0.008809909224510193,
        0.062202148139476776,
        -0.009677770547568798,
        -0.00858460832387209,
        -0.0011870813323184848,
        0.012933428399264812,
        0.03535661846399307,
        -0.0008674719138070941,
        -0.0028749958146363497,
        -0.09554694592952728,
        0.018030643463134766,
        0.03029414266347885,
        0.019226016476750374,
        -0.0003385177697055042,
        0.028973428532481194,
        -0.0015038035344332457,
        -0.017859775573015213,
        0.01173748541623354,
        -0.025887517258524895,
        -0.0318744033575058,
        -0.023109767585992813,
        0.014713364653289318,
        0.02087482064962387,
        0.0515296496450901,
        -0.0036828219890594482,
        -0.01703798584640026,
        -0.013022796250879765,
        -0.03281330689787865,
        -0.027667276561260223,
        -0.00016234237409662455,
        -0.0703781396150589,
        -0.0005518296966329217,
        0.0025815165136009455,
        -0.025273239240050316,
        0.027638142928481102,
        -0.0259101465344429,
        0.02326597273349762,
        -0.008566065691411495,
        -0.04251820966601372,
        -0.027248160913586617,
        -0.01565008983016014,
        0.005777536425739527,
        0.012324593029916286,
        0.012005875818431377,
        0.007801375351846218,
        -0.000511812511831522,
        0.005887439474463463,
        -0.017140254378318787,
        -0.032424211502075195,
        -0.02335336059331894,
        0.01767752319574356,
        -0.01713033765554428,
        0.03299257159233093,
        -0.027340486645698547,
        -0.018835758790373802,
        -0.01010265201330185,
        0.008578944019973278,
        0.0017626115586608648,
        -0.012975368648767471,
        -0.004058254417032003,
        -0.004674919415265322,
        -0.02339082770049572,
        0.015446743927896023,
        -0.027299173176288605,
        -0.002410976914688945,
        0.021995248273015022,
        -0.012577027082443237,
        -0.046876948326826096,
        0.02283850498497486,
        -0.020717769861221313,
        -0.0163200031965971,
        -0.0039552864618599415,
        -0.03960699960589409,
        0.012881061993539333,
        0.03806792572140694,
        0.014687217772006989,
        0.01839515194296837,
        -0.0014219298027455807,
        0.012790868058800697,
        0.034934356808662415,
        0.021972572430968285,
        0.0026032712776213884,
        -0.024244830012321472,
        0.0014268197119235992,
        0.01655721478164196,
        0.03671544790267944,
        0.029450805857777596,
        -0.04664887487888336,
        0.05404079332947731,
        0.01560799777507782,
        -0.04608118161559105,
        0.007774863857775927,
        -0.01639448292553425,
        0.0016456153243780136,
        -0.08902769535779953,
        -0.04140142351388931,
        -0.0013324139872565866,
        0.03409891575574875,
        -0.006735942326486111,
        -0.005731132347136736,
        -0.05224595591425896,
        -0.0034411405213177204,
        -0.006218747701495886,
        -0.009480778127908707,
        0.03180020675063133,
        -0.04924479126930237,
        0.0028927468229085207,
        0.01237826980650425,
        -0.020284777507185936,
        -0.0005825237021781504,
        0.028265682980418205,
        -0.01441649068146944,
        0.01637200452387333,
        0.00935320183634758,
        -0.0028426300268620253,
        -0.02151225507259369,
        -0.014967861585319042,
        0.0012562121264636517,
        -0.010772014036774635,
        -0.10916871577501297,
        -0.018303923308849335,
        -0.021643057465553284,
        0.051283784210681915,
        0.016875287517905235,
        0.01901058293879032,
        -0.015585457906126976,
        0.0070920418947935104,
        0.007682129740715027,
        -0.01907503604888916,
        0.004454451613128185,
        -0.06825032830238342,
        0.022996842861175537,
        -0.036110393702983856,
        0.06577516347169876,
        -0.016964726150035858,
        -0.004681249149143696,
        0.002705539111047983,
        0.01716105453670025,
        -0.010084264911711216,
        0.0030990364030003548,
        0.022856630384922028,
        -0.016542306169867516,
        -0.02415425144135952,
        0.03108326345682144,
        0.01616363599896431,
        0.038115400820970535,
        0.036256343126297,
        0.025035398080945015,
        0.009514868259429932,
        -0.01720031164586544,
        0.03280659392476082,
        0.020154278725385666,
        0.012440597638487816,
        0.0073184059001505375,
        0.028130553662776947,
        -6.411736831068993e-05,
        0.0023028049618005753,
        -0.07098845392465591,
